{
  "appUsage": {
    "window server": 0.03777777777777778,
    "arc": 0.7944444444444444,
    "obsidian": 0.04055555555555555,
    "control centre": 0.022222222222222223,
    "cursor": 0.5938888888888889,
    "dock": 0.010555555555555556,
    "emoji & symbols": 0.0016666666666666668,
    "screenshot": 0.0022222222222222222,
    "screencapture": 0.0011111111111111111,
    "screen studio beta": 0.010555555555555556
  },
  "activities": []
}